<?xml version="1.0" encoding="UTF-8" standalone="no"?>
<endpoints xmlns="http://xml.netbeans.org/schema/endPoints" xmlns:xsi="http://www.w3.org/2001/XMLSchema-instance" xsi:schemaLocation="http://xml.netbeans.org/schema/endPoints endPoints.xsd">
    <project>
        <name>CompositeApp1</name>
        <version>1.0</version>
        <description>description</description>
    </project>
    <team>
        <name>unknown team</name>
        <contact>no contact provided</contact>
    </team>
    <endpoint>
        <type>provider</type>
        <endpoint-name>BusinessClientPortTypeRole_myRole</endpoint-name>
        <service-name>
            <namespace>http://enterprise.netbeans.org/bpel/BpelModule/bpelModule</namespace>
            <localname>PartnerLinkBusinessClient</localname>
        </service-name>
        <interface-name>
            <namespace>http://j2ee.netbeans.org/wsdl/BpelModule/src/BusinessClient</namespace>
            <localname>BusinessClientPortType</localname>
        </interface-name>
        <description>description of the service provided or consumed through this endPoint</description>
    </endpoint>
    <endpoint>
        <type>provider</type>
        <endpoint-name>ShipmentConfirmClientPortTypeRole_myRole</endpoint-name>
        <service-name>
            <namespace>http://enterprise.netbeans.org/bpel/BpelModule/bpelModule</namespace>
            <localname>PartnerLinkShipmentConfirm</localname>
        </service-name>
        <interface-name>
            <namespace>http://j2ee.netbeans.org/wsdl/BpelModule/src/ShipmentConfirmClient</namespace>
            <localname>ShipmentConfirmClientPortType</localname>
        </interface-name>
        <description>description of the service provided or consumed through this endPoint</description>
    </endpoint>
    <endpoint>
        <type>provider</type>
        <endpoint-name>DeliveredConfirmationStatusPortTypeRole_myRole</endpoint-name>
        <service-name>
            <namespace>http://enterprise.netbeans.org/bpel/BpelModule/bpelModule</namespace>
            <localname>PartnerLinkDeliveredConfirmation</localname>
        </service-name>
        <interface-name>
            <namespace>http://j2ee.netbeans.org/wsdl/BpelModule/src/DeliveredConfirmationStatus</namespace>
            <localname>DeliveredConfirmationStatusPortType</localname>
        </interface-name>
        <description>description of the service provided or consumed through this endPoint</description>
    </endpoint>
    <endpoint>
        <type>consumer</type>
        <endpoint-name>CrmProviderRole_partnerRole</endpoint-name>
        <service-name>
            <namespace>http://enterprise.netbeans.org/bpel/BpelModule/bpelModule</namespace>
            <localname>PartnerCrm</localname>
        </service-name>
        <interface-name>
            <namespace>http://rs.udc.es/crm</namespace>
            <localname>CrmProvider</localname>
        </interface-name>
        <description>description of the service provided or consumed through this endPoint</description>
    </endpoint>
    <endpoint>
        <type>consumer</type>
        <endpoint-name>RewardProviderRole_partnerRole</endpoint-name>
        <service-name>
            <namespace>http://enterprise.netbeans.org/bpel/BpelModule/bpelModule</namespace>
            <localname>PartnerReward</localname>
        </service-name>
        <interface-name>
            <namespace>http://rs.udc.es/reward</namespace>
            <localname>RewardProvider</localname>
        </interface-name>
        <description>description of the service provided or consumed through this endPoint</description>
    </endpoint>
    <endpoint>
        <type>consumer</type>
        <endpoint-name>DeliveryProviderRole_partnerRole</endpoint-name>
        <service-name>
            <namespace>http://enterprise.netbeans.org/bpel/BpelModule/bpelModule</namespace>
            <localname>PartnerDelivery</localname>
        </service-name>
        <interface-name>
            <namespace>http://rs.udc.es/delivery</namespace>
            <localname>DeliveryProvider</localname>
        </interface-name>
        <description>description of the service provided or consumed through this endPoint</description>
    </endpoint>
</endpoints>
